<Ui xmlns="http://www.blizzard.com/wow/ui/"
 xmlns:xsi="http://www.w3.org/2001/XMLSchema-instance"
 xsi:schemaLocation="http://www.blizzard.com/wow/ui/ ..\FrameXML\UI.xsd">
 	<Script file="Libs\LibStub\LibStub.lua"/>
    <Include file="Libs\CallbackHandler-1.0\CallbackHandler-1.0.xml"/>
    <Include file="Libs\AceAddon-3.0\AceAddon-3.0.xml"/>
    <Include file="Libs\AceComm-3.0\AceComm-3.0.xml"/>
    <Include file="Libs\ChatThrottleLib\ChatThrottleLib.xml"/>
    <Include file="Libs\AceSerializer-3.0\AceSerializer-3.0.xml"/>
    <Script file="Libs\LibDeflate\LibDeflate.lua"/>
    <!--<Include file="Libs\LibCompress\lib.xml"/>-->
</Ui>